{"Filename": "sample.mp4", "Hand_Height": [237.54, 239.69, 240.47, 240.48, 240.56, 240.79, 240.86, 240.9, 240.89, 240.88, 240.88, 240.54, 239.0, 237.88, 236.87, 235.99, 235.44, 235.19, 235.07, 235.12, 235.15, 235.2, 235.32, 235.44, 235.73, 235.97, 236.13, 236.33, 236.44, 236.64, 236.65, 236.35, 234.12, 232.22, 229.46, 225.74, 221.46, 213.12, 207.47, 203.56, 204.35, 204.59, 203.61, 206.16, 216.06, 226.38, 230.14, 231.89, 231.14, 229.93, 220.73, 206.9, 197.93, 186.68, 185.38, 185.38, 186.07, 188.26, 189.37, 190.78, 194.25, 197.27, 201.36, 204.26, 205.54, 206.39, 206.36, 206.0, 200.67, 195.84, 195.03, 194.18, 193.76, 192.74, 193.51, 193.97, 194.88, 195.03, 199.01, 202.57, 203.88, 203.79, 204.42, 204.99, 208.46, 216.32, 226.32, 234.55, 254.1, 270.95, 293.8, 290.68, 291.66, 285.8, 280.34, 246.22, 209.47, 195.4, 195.87, 202.02, 204.52, 206.57, 204.27, 199.55, 188.75, 173.64, 167.1, 155.95, 146.51, 139.68, 132.06, 123.74, 117.24, 112.42, 108.28, 104.94, 102.67, 100.56, 100.99, 101.03, 100.96, 100.61, 101.16, 102.14, 102.77, 103.75, 104.42, 112.54, 117.59, 125.87, 138.8, 172.37, 187.42, 203.3, 216.12, 231.34, 240.83, 244.72, 245.05, 248.45, 248.69, 248.16, 249.15, 249.3, 250.49, 250.3, 250.8, 250.88, 251.2, 251.62, 252.08, 252.79, 253.12, 253.19, 253.08], "Hand_Distance": [2.32692930704825, 1.2137956994486405, 1.0900458705944476, 1.8117670931993184, 1.4187670703818902, 0.9725224933131371, 0.2334523505985636, 0.14035668847619812, 0.20024984394499604, 0.07999999999998408, 2.4041630560342577, 2.264332131115037, 4.889989775040426, 10.359353261666485, 2.35091471559474, 10.953816686434001, 5.166052651686775, 1.983633030577989, 1.5508062419270798, 0.8405355435673175, 1.320946630261791, 5.501308935153524, 12.150592578142028, 8.295070825496314, 4.456467210695033, 0.7083078426785883, 2.0298768435548054, 2.9120782956507156, 0.6705221845696056, 6.990007153072158, 9.594691240472518, 13.870436186364143, 5.885142309239439, 5.571642486735832, 4.4653443316277475, 4.780721702839435, 8.612670898159294, 7.7741944920358215, 6.052478831024526, 2.488714527622641, 2.2428776159211234, 2.6573106705840726, 2.7212129648375405, 10.213231613940817, 10.413188752730832, 6.506435275940271, 8.766447399032293, 7.975343252801096, 2.5635327187301336, 9.52580180352291, 14.057713185294382, 10.553411770607646, 11.289202806221526, 1.3928388277184225, 4.97999999999999, 7.700973964376196, 4.8166585928421295, 3.0958359129643864, 1.9869826370655599, 4.050802389650722, 4.607689225631443, 4.566070520699394, 3.2512920508622205, 2.702369330791034, 5.377601695923566, 0.6606814663663525, 2.4763077353188465, 5.645219216292679, 6.354982297378948, 5.678071855832758, 4.148023625776484, 5.825160941982637, 6.1551035734583746, 4.673863498220699, 4.742362280551751, 4.444164713419181, 5.801939330947897, 4.199523782525815, 3.684575959320149, 1.4852945835759281, 4.420916194636598, 5.724770737767581, 15.740324011912833, 22.815420224050207, 13.625582556353336, 12.087352894658114, 18.25987130294189, 20.441218163309138, 18.682810281111347, 23.165461359532667, 5.025733777270739, 15.401210991347407, 14.661964397719704, 6.540000000000027, 34.16484889473387, 40.816419490200275, 14.17841316932187, 1.1230761327710432, 8.439840045877652, 4.07656718330509, 6.844223842043738, 8.77672490169311, 7.508928019364683, 12.156331683530208, 15.128602050420932, 6.718868952435362, 11.437875676890364, 9.485699763327952, 6.899949275175856, 8.541896744868785, 8.857990742826516, 7.2494206665084535, 11.717286375266248, 4.6109109728989575, 4.060997414429124, 4.995538009063689, 15.325942059136194, 14.926195094530973, 8.20009756039523, 13.23018518388914, 4.762877281643943, 4.414396901050013, 1.143896848496407, 2.684958100231718, 2.891158937173811, 1.0131633629380958, 8.241510783830842, 6.53009188296764, 15.556583815221144, 20.093016199664998, 38.06295443078479, 17.813573476425205, 16.53561308207231, 13.800887652611323, 16.04539809415772, 10.146339241322469, 4.092065493122011, 1.535871088340441, 8.14370922860093, 0.7589466384404129, 9.205270229602183, 6.367432763681131, 2.374742091259601, 3.432855953866982, 2.8164161624305475, 1.3184839779079598, 1.8317477992343791, 0.7424957912338614, 0.5663920903402606, 1.3132021931142275, 0.9492101980067246, 0.8931965069345205, 1.791368192192778, 3.201890066819911], "Initial_Frame_Count": 155, "Post_KFS_Frame_Count": 0, "Percentage_Reduction": 100.0, "Hand_Height_Threshold_Value": 206.73, "Hand_Distance_Threshold_Value": 4.081641949020027}