{"Filename": "sample5.mp4", "Hand_Height": [291.26, 298.5, 299.98, 300.31, 300.63, 301.4, 303.75, 304.04, 298.67, 295.94, 297.02, 298.14, 298.86, 298.45, 297.96, 298.99, 300.17, 308.06, 309.86, 309.46, 302.57, 295.68, 290.13, 290.2, 291.26, 297.89, 313.67, 316.92, 315.18, 313.33, 312.31, 302.36, 289.37, 260.99, 240.49, 210.34, 194.07, 182.17, 178.33, 172.43, 168.09, 164.5, 163.82, 163.34, 162.97, 161.34, 160.95, 159.55, 158.82, 157.4, 154.77, 152.74, 151.68, 150.48, 147.28, 148.45, 148.8, 148.28, 146.56, 145.78, 145.66, 146.18, 145.93, 146.36, 147.17, 147.46, 147.89, 150.47, 152.96, 153.29, 153.95, 153.88, 153.27, 148.73, 145.27, 144.21, 143.95, 142.21, 138.41, 138.1, 136.5, 137.02, 138.81, 144.92, 150.88, 155.65, 159.1, 161.12, 161.78, 162.23, 162.16, 162.15, 161.74, 162.72, 165.33, 167.49, 172.47, 175.03, 176.94, 178.03, 178.73, 179.35, 180.08, 179.39, 178.96, 178.66, 178.49, 178.08, 177.34, 177.15, 174.8, 170.04, 162.88, 159.07, 151.3, 142.58, 135.75, 131.03, 127.63, 125.03, 121.88, 121.84, 121.03, 119.84, 121.8, 122.31, 122.86, 123.7, 123.77, 122.35, 119.74, 119.35, 119.64, 119.95, 120.16, 120.3, 120.45, 120.26, 120.02, 119.07, 117.94, 117.5, 117.62, 117.67, 117.74, 119.8, 124.36, 131.64, 132.83, 135.76, 142.68, 148.25, 154.68, 159.15, 165.26, 172.26, 173.23, 178.15, 179.45, 181.89, 183.96, 182.91, 184.47, 185.37, 185.74, 186.08, 186.84, 189.67, 191.01, 192.59, 196.03, 199.85, 203.69, 205.6, 206.99, 209.83, 211.0, 211.35, 210.93, 210.89, 212.2, 212.79, 213.14, 213.36, 213.43, 213.94, 214.79, 215.04, 215.5, 215.91, 216.83, 220.68, 224.27, 231.85, 239.16, 244.61, 265.98, 294.95, 306.57, 297.41, 286.25, 280.42, 282.76, 280.1, 284.4, 282.88, 296.62, 304.1, 302.24, 299.0, 298.51, 298.07, 299.96, 299.72, 301.64, 304.13, 304.48, 304.39, 301.81, 298.36, 297.14, 296.84, 297.1, 297.7, 297.9, 296.47], "Hand_Distance": [7.242761904135752, 1.5720368952413473, 2.1949487465542323, 1.6905620367203282, 0.7907591289387524, 3.6939139134527967, 2.5266974492408, 6.866971676073818, 2.9508134471701375, 5.948857033077858, 1.2801562404644269, 1.3567977004697687, 0.6389053137985545, 0.7072481884034869, 1.1363538181394257, 1.225275479229065, 8.307352165401435, 9.1880411405261, 11.85674913287786, 9.282268041809598, 6.913537444752856, 5.7844100822815285, 2.8308655920053694, 2.272377609465462, 6.862200813150252, 18.336957217597483, 4.443354588596324, 2.4466303357883934, 3.1991561387341125, 8.34258952604046, 10.912052969079635, 17.834475041334976, 28.52575678224856, 20.892364633999666, 30.24776685972041, 17.696171902420037, 13.521331295401351, 5.480301086619218, 6.650932265479795, 5.63875872865651, 6.855195110279507, 4.175739455473731, 1.718400418994365, 4.365707273741559, 7.802166365824297, 10.217445864794204, 3.593897605664351, 5.270796903694926, 1.5966527487215088, 3.4033072150483306, 2.3331095130747688, 5.797723691242972, 7.634893581445645, 7.092876708360302, 15.653785484667903, 4.154768344926121, 2.0374739262135373, 1.845887320504699, 1.481890684227409, 0.6118823416311294, 0.9794386147176269, 2.0354115063053078, 5.337349529494947, 4.385453226292577, 3.113534968488386, 1.1438968484963958, 2.651131833764599, 2.6034016209567197, 1.9382982226685286, 7.708307207162938, 4.470548064835003, 1.731040149736567, 4.662102529975096, 4.3643097965199305, 5.297140738171866, 3.749026540316843, 2.7349040202537256, 4.847690171617822, 2.727673000929555, 5.9010507538911865, 9.683971292811659, 6.857732861522096, 6.696245216537378, 6.690530621707087, 4.859814811286543, 3.846101922726435, 2.9793455657241292, 2.3928226010299882, 3.300818080415832, 3.2407560846197696, 3.5500140844790855, 2.3756472802164916, 7.048460824889348, 7.884522813715518, 2.767399501336959, 5.679198887167083, 2.713595400939503, 3.218105032468643, 1.5844872987815397, 0.9899494936611505, 0.9654014708917835, 0.8905054744357535, 1.0716809226630961, 0.5481788029466149, 1.159482643250867, 4.423268022627629, 2.582750471880687, 3.969584361113901, 4.404100362162521, 5.29952828089444, 8.498188042165228, 8.409143832757287, 4.867956450092793, 8.097610758736167, 8.836475541753058, 6.997092253214917, 4.862848959200765, 3.4839058540666716, 2.7292673009436053, 3.2123822935634645, 0.5015974481593775, 0.878464569575806, 1.2101652779682592, 1.9798989873223272, 1.4993998799519745, 0.9060353193998539, 1.5143315356948936, 4.3205670924081465, 9.437441390546471, 7.498866581024096, 4.915495905806458, 6.856135937975554, 5.488761244579681, 0.5147815070493464, 1.168417733518279, 0.8434453153583951, 0.43382023926966395, 0.3920459156782605, 1.1078808600206207, 1.4571547618561203, 1.4008925726122012, 1.5745793088949123, 0.8514693182963142, 2.371033529918972, 10.425545549274627, 10.627963116232594, 11.536936335093454, 7.722240607492102, 4.878001640016116, 8.243591450332806, 6.626688464082188, 7.509946737494218, 5.1913870978766425, 6.244693747494732, 7.0329510164652795, 2.9160589843142746, 4.975339184417497, 1.334166406412613, 2.723545483372732, 2.460447113839296, 1.2845621822239814, 2.030664915735739, 1.1715374513860026, 0.43566041821583773, 0.3676955262170027, 1.013163362938065, 3.058512710452566, 1.4410065926289202, 1.9542006038275734, 4.132517392582873, 3.969735507562178, 4.455692987628305, 2.327444951013884, 2.402852471542952, 4.704051445296917, 2.308462691922894, 0.9843271813782373, 1.4712239802287006, 1.4505516192124872, 4.294671116628144, 2.200568108466544, 0.5467174773134525, 0.601664358259665, 1.062308806327051, 0.7427651041883848, 0.8584287972802354, 0.2865309756378883, 0.523545604508344, 0.4964876634922542, 0.9265527507918943, 4.66255294876102, 3.8985253622363434, 8.267188155594365, 8.77260508628994, 16.025211387061326, 21.45969477881734, 31.6395211721037, 20.58359783905623, 13.297939690042181, 13.968020618541507, 8.49595786241904, 2.7903404810165857, 4.207517082555918, 4.321446517081937, 1.6415846003176169, 14.43343340996869, 7.813961863229201, 2.0450183373261086, 3.300681747760613, 0.7746612162745959, 0.5269724850502174, 1.90779977985111, 0.3324154027718615, 1.9325630649476466, 3.0037476591751293, 0.3569313659515187, 0.25632011235953234, 2.7164130760986827, 3.4605490893787256, 1.2433824833895928, 0.3551056180913025, 0.4123105625617909, 0.7874642849043694, 0.3280243893371316, 1.6584631439980397], "Initial_Frame_Count": 226, "Post_KFS_Frame_Count": 176, "Percentage_Reduction": 22.12, "Hand_Height_Threshold_Value": 201.41, "Hand_Distance_Threshold_Value": 3.16}