{"Filename": "sample2.mp4", "Hand_Height": [307.24, 306.75, 305.66, 305.92, 305.55, 304.02, 303.94, 302.59, 301.23, 301.06, 295.62, 292.52, 292.78, 288.0, 282.36, 278.55, 273.12, 264.92, 258.56, 249.18, 242.76, 233.29, 224.14, 213.47, 202.92, 197.15, 184.54, 180.81, 166.13, 163.2, 158.78, 151.16, 148.81, 152.76, 150.49, 150.24, 150.73, 147.04, 151.61, 153.23, 154.46, 154.62, 151.61, 140.98, 139.41, 140.17, 140.64, 137.5, 136.35, 132.89, 135.05, 150.88, 153.87, 153.91, 153.11, 143.92, 138.64, 136.85, 132.83, 130.86, 132.55, 136.08, 141.12, 143.82, 148.26, 153.67, 158.51, 159.27, 158.82, 159.71, 158.77, 157.17, 146.32, 135.16, 128.39, 123.68, 116.48, 114.82, 114.62, 114.17, 108.08, 105.14, 103.86, 103.42, 104.69, 105.76, 106.32, 106.53, 106.6, 106.84, 107.05, 107.91, 114.39, 125.21, 133.44, 142.32, 152.89, 158.13, 161.46, 169.24, 172.43, 175.97, 181.83, 189.32, 198.15, 207.38, 227.53, 245.1, 255.56, 266.2, 270.9, 273.78, 277.98, 281.03, 281.97, 282.97, 284.43, 285.29, 286.89, 288.21, 289.14, 289.41, 288.43, 287.57, 286.84, 287.06, 288.95, 292.06, 293.75, 295.75, 297.02, 297.06, 297.13, 296.81, 296.99, 297.27, 297.63, 297.54, 297.49, 297.57, 297.59, 297.55, 297.53, 297.78, 297.89, 297.88, 298.0, 298.21, 298.6, 299.12, 299.86, 300.21, 300.33, 300.67, 300.91], "Hand_Distance": [0.6519202405202762, 1.098954048174877, 0.420119030751982, 0.3807886552932006, 1.5572411502397714, 0.12041594578791492, 1.3921566003866248, 1.5250245899656565, 0.5756735185849586, 5.749191247471249, 3.3064331234731013, 0.44407206622347306, 6.349866140321368, 15.772840581201585, 11.169874663576133, 7.18811519106366, 8.54120014986183, 8.016483019379516, 9.665055612876722, 11.816209206001739, 11.001858933834768, 9.16420209292659, 10.729669146809687, 10.568202306920522, 5.807624299143306, 13.060325417079024, 4.350919443060264, 15.521082436479757, 5.994814425818362, 6.978280590517979, 8.189285683135012, 2.6075659147948613, 4.284635340376109, 3.0653711031455764, 2.6319004540445436, 1.2776932339180627, 3.9646689647434563, 11.856158737129018, 11.871057240195572, 9.589212689267033, 3.0242354405700724, 3.090323607650168, 11.551073543182062, 24.420520059982344, 5.8495811815889684, 1.2146192819151231, 4.28788992396027, 2.34181553500697, 3.7032418230518025, 2.754941015702521, 17.944118813694914, 4.151445531378201, 0.44181444068748743, 1.0564563407921643, 11.414420703653805, 10.746534325074306, 11.243402509916642, 11.899596631819062, 7.464643327045187, 1.6923947530053363, 6.401288932707228, 9.29503630977308, 11.588912804918335, 7.201562330494694, 10.42382847134391, 5.7802422094580095, 2.120848886648926, 1.2909686285886401, 2.1344085831911417, 1.3293607486307262, 13.485254910456845, 16.281956270669696, 11.84510447400106, 7.091191719309259, 6.0706671791492495, 7.360767623013244, 1.8649664876345704, 2.946794869005982, 1.8845158529447144, 10.158001772002207, 6.307138812488576, 9.665133211704857, 5.896439603693057, 1.4176741515595128, 1.3241223508422542, 0.5913543776788887, 0.2701851217221242, 0.29832867780351663, 0.5636488268416737, 0.9339164844888387, 0.9570788891204259, 14.337869437262981, 16.661371492167152, 27.214270153726336, 13.195150624377114, 10.804744328303187, 5.4560058650994945, 3.698783583828619, 8.850807872731167, 5.092838108559899, 3.622775179334202, 6.5741919655574605, 8.928588914268568, 8.958180618853373, 9.374566656651378, 20.807657244389627, 17.695052980988777, 10.471470765847563, 10.68232652562164, 4.720550815318048, 3.2199378875996922, 4.527261865631408, 3.8140005243837716, 1.196327714299103, 1.704230031421811, 3.237854227725495, 1.5337861650178128, 2.6162759793263137, 1.7772169254201853, 0.9580187889598066, 8.184454777198045, 9.271936151635213, 12.3898829695845, 7.70466092699739, 3.9261686158391, 2.8401584462842857, 4.171390655404992, 2.649094184811095, 2.3691559678501597, 1.4176741515595, 0.26305892875931225, 0.165529453572445, 0.32756678708318193, 0.2475883680628148, 0.3176476034853504, 0.37643060449439125, 0.10295630140983986, 0.09433981132058267, 0.08246211251234026, 0.20099751242243297, 0.10770329614269768, 0.07280109889280924, 0.25, 0.38600518131238387, 0.10049875621120234, 0.20000000000002274, 0.6168468205316235, 0.6107372593841255, 0.5385164807134367, 0.7640026177965705, 0.3501428280001976, 0.16278820596100962, 0.34365680554882067, 0.24186773244896564], "Initial_Frame_Count": 155, "Post_KFS_Frame_Count": 111, "Percentage_Reduction": 28.39, "Hand_Height_Threshold_Value": 211.09, "Hand_Distance_Threshold_Value": 2.72}