{"Filename": "sample1.mp4", "Hand_Height": [324.49, 333.43, 334.44, 334.81, 334.13, 333.76, 333.44, 333.25, 333.1, 333.0, 332.88, 332.31, 332.11, 331.27, 330.73, 330.68, 330.54, 328.23, 326.26, 323.33, 323.81, 326.64, 330.68, 337.74, 339.86, 341.47, 342.45, 344.69, 344.89, 344.66, 343.57, 339.64, 338.96, 338.15, 334.51, 334.62, 333.48, 329.89, 320.12, 301.64, 277.9, 265.03, 242.84, 230.8, 218.72, 203.03, 179.37, 170.41, 164.37, 160.96, 159.94, 160.93, 160.7, 159.63, 161.84, 161.14, 160.22, 161.08, 159.64, 159.62, 160.4, 161.06, 161.59, 161.75, 164.1, 164.48, 166.31, 168.41, 168.2, 164.17, 161.24, 160.24, 156.34, 154.55, 154.89, 153.06, 151.85, 151.1, 151.12, 151.11, 151.08, 150.69, 150.64, 150.72, 151.24, 151.38, 151.6, 150.93, 150.89, 149.64, 151.0, 152.03, 159.07, 163.59, 161.96, 160.11, 157.92, 154.7, 154.38, 149.91, 143.29, 142.35, 143.14, 143.98, 143.27, 143.89, 150.88, 155.37, 157.44, 158.68, 159.25, 159.46, 159.63, 159.43, 160.07, 160.48, 161.45, 163.0, 165.03, 165.27, 166.14, 166.28, 166.65, 167.26, 167.18, 166.73, 165.52, 164.21, 161.26, 153.74, 146.14, 137.75, 131.91, 128.18, 125.59, 123.9, 121.2, 117.94, 116.51, 116.75, 118.91, 120.17, 116.91, 112.47, 107.71, 106.48, 105.43, 105.79, 105.86, 105.84, 106.27, 106.66, 106.83, 106.94, 107.79, 109.2, 109.62, 110.72, 111.17, 111.58, 111.73, 111.78, 111.83, 111.93, 111.98, 111.98, 112.06, 112.22, 112.33, 112.72, 112.95, 113.98, 116.4, 120.04, 128.04, 136.66, 150.41, 163.04, 175.25, 174.97, 180.94, 186.77, 189.26, 192.04, 193.82, 194.47, 194.61, 195.56, 195.92, 198.21, 199.62, 201.7, 204.55, 208.49, 213.2, 218.32, 226.34, 234.04, 245.35, 256.97, 272.73, 284.75, 294.66, 306.13, 314.13, 318.0, 321.14, 321.18, 322.19, 321.44, 321.97, 323.59, 324.49, 323.56, 324.57, 324.66, 324.01, 323.45, 323.37, 323.23, 323.26, 324.28, 324.38, 326.48, 326.26, 326.69, 326.52, 321.12, 316.26, 310.09, 306.12, 306.87, 307.88, 312.81, 313.74, 313.94, 313.85, 313.71, 314.23, 315.95, 317.46, 320.48, 323.59, 324.84, 325.3, 325.04, 325.03, 324.97, 324.84, 324.78, 324.83, 324.82, 324.96, 325.09, 325.16, 325.21, 325.24, 324.87, 324.73, 324.28, 324.21, 323.43], "Hand_Distance": [10.214068728963985, 2.650018867857358, 0.6628725367670504, 0.7558438992278879, 0.5303772242470447, 0.5521775076911277, 1.3039171752837877, 0.9124143795447348, 0.14866068747318942, 0.5824946351684361, 0.7715568676383959, 0.6800735254367742, 2.0226715007633014, 1.198540779448053, 1.6207714212682849, 1.5363918770938616, 3.4185523251809475, 13.395648547196217, 3.247291178813513, 2.0276340892774547, 3.431107692859538, 13.517825268881097, 12.512094149262145, 3.87195041290563, 2.4374166652421243, 1.4732277488562018, 2.335208770110295, 1.2757742747053682, 5.564755160831427, 13.045616121900878, 9.81147287617919, 8.32780883546206, 1.2257650672131397, 4.6853068202626815, 2.2127358631341374, 2.088564100045763, 8.152944253458386, 10.530802438560876, 20.241986068565517, 23.822426408743514, 12.960624984930321, 23.67400684294905, 12.460565797747703, 12.669601414409225, 15.789521842031817, 24.01261335215307, 9.42379965831193, 6.394654017224065, 4.068967928111498, 1.2370933675353872, 1.1576268828945038, 0.2641968962724717, 1.1086027241532381, 2.3212496634356343, 1.0259142264341712, 1.863008319895537, 1.5838244852255747, 2.258583626966269, 1.8601075237738123, 2.9837560221975488, 2.8475428003807166, 4.709915073544299, 5.602285248003733, 10.476955664695712, 8.009019915070771, 8.216386066878789, 4.776410786354124, 1.1985407794480694, 4.090342283965976, 3.115846594426606, 2.138246945514012, 15.837692382414803, 13.182097708634997, 17.393323431707913, 4.50813708753405, 3.949898732879131, 2.7540878707840877, 1.7201162751395607, 0.8100617260431475, 0.6307138812488831, 2.2343007854807926, 0.8215229759416287, 0.8637129152675538, 0.9374433316206439, 0.7433034373659406, 0.3801315561749654, 3.6126721412273306, 7.750103225119005, 9.661205928868313, 4.424217444927392, 1.4217243052012518, 7.242347685661041, 7.8679095063428415, 6.27538843419274, 5.097548430373171, 4.351287165885521, 4.497554891271488, 0.6020797289396276, 4.872832851637739, 9.214797881668378, 9.22800086692671, 5.734675230560118, 7.358104375448885, 5.000659956445763, 3.515110240092027, 7.256900164670869, 4.715262452928795, 2.294558781116751, 2.0480478510034885, 1.247798060585109, 5.703867109251424, 6.882099970212575, 11.221782389620643, 6.76036241632061, 3.1765704777322403, 2.7937966998334045, 1.5655350523064104, 2.085976989326583, 0.3764306044943958, 1.4340502083260291, 0.6844705983459227, 0.9087353850269198, 1.6285576440519243, 2.691189328159575, 5.707766638537352, 6.995441372779831, 7.721929810610802, 10.397278490066528, 10.12515678890948, 8.400976133759722, 8.718314057201637, 8.358588397570504, 5.860315691155193, 5.105692901066423, 2.641401143332833, 2.9308019380367636, 3.2681034255359833, 1.4722092242612714, 0.3538361202590725, 2.188172753691989, 1.2600000000000051, 4.9689133620943755, 5.616689416373311, 9.112107330359986, 2.0821383239352755, 3.2540590037674595, 2.7139823138701527, 0.5842088667591246, 0.1513274595041925, 0.8472307831989928, 0.634113554499508, 0.710633520177593, 0.9960923651950966, 1.3124404748406742, 1.8976301009417027, 0.9750897394599091, 1.718254928699455, 1.1423659658795977, 0.7021395872616708, 0.7158910531638077, 1.30096118312578, 1.7607100840285907, 0.6280127387243091, 1.191049956970737, 0.060000000000002274, 0.12041594578792437, 0.4401136216933033, 1.6536626016210256, 2.2736974292988155, 2.490642487391575, 12.881246057738363, 11.59534389313228, 12.827299014211823, 13.747450672761111, 11.86283692882946, 15.230397237104492, 14.269074952497792, 12.732486010202415, 2.416278129686239, 6.065129841973705, 5.993413051008594, 2.59763353843453, 2.828214984756289, 1.8544001725625459, 0.7201388754955594, 0.1979898987322542, 1.0643777524920224, 1.4746185947559487, 2.4605080776132606, 1.4375326083258047, 2.090574083834375, 2.861835075611473, 3.944578557970418, 4.724510556660849, 5.238940732629076, 8.067050266361312, 7.743539242491111, 11.351519722046033, 13.161185356950218, 18.099381204892058, 12.779514857771385, 11.363172972370005, 11.51350945628653, 8.024767909416445, 4.436868264891357, 3.7444892842682753, 1.3306013678033082, 1.3330416347586407, 0.8547514258543224, 0.664003012041371, 1.6440194646049149, 1.0295630140987297, 2.676751762864855, 1.9516659550240507, 1.4428097587693256, 0.6649060083952051, 0.5688585061331168, 0.18788294228054128, 0.14142135623729543, 0.2816025568065727, 1.0231324449942747, 1.4534441853748536, 2.1377558326432182, 1.476482306023352, 2.7537792213610732, 1.7283807450906186, 5.415542447437722, 6.469350817508661, 6.3159639011001465, 7.328471873453558, 9.669131295002655, 2.098975940786362, 5.05562063450177, 0.9580187889598032, 0.9708243919473943, 1.0140019723846583, 0.9503683496413419, 1.381593283133659, 2.349127497604138, 1.656049516167914, 3.5468295701936725, 4.384084853193385, 1.774852106514787, 0.8044874144447687, 0.46043457732884463, 0.1303840481040521, 0.6527633568147042, 0.20615528128091337, 0.13416407864999247, 0.20615528128087476, 0.2701851217221358, 0.3584689665787046, 0.29966648127541556, 0.08062257748303908, 0.8115417426109388, 0.19235384061671582, 0.8452810183601602, 0.6161168720299659, 0.5640035460881813, 0.4159326868617039, 0.8132035415564499], "Initial_Frame_Count": 262, "Post_KFS_Frame_Count": 195, "Percentage_Reduction": 25.57, "Hand_Height_Threshold_Value": 225.16, "Hand_Distance_Threshold_Value": 2.4012613352153074}