{"Filename": "sample6.mp4", "Hand_Height": [276.21, 276.11, 275.95, 275.83, 275.81, 275.76, 275.69, 275.63, 275.59, 275.69, 275.69, 275.73, 275.76, 275.76, 275.76, 275.45, 275.02, 272.17, 271.84, 270.21, 267.48, 265.74, 264.71, 264.08, 264.7, 266.97, 269.75, 271.48, 272.87, 273.47, 274.31, 274.59, 275.09, 275.09, 275.33, 275.35, 275.46, 275.51, 275.77, 275.94, 275.87, 275.81, 275.8, 275.8, 275.83, 275.82, 275.76, 275.67, 275.41, 275.1, 273.01, 267.33, 257.92, 249.65, 242.9, 236.09, 227.46, 220.93, 214.18, 207.28, 200.17, 194.44, 191.14, 189.4, 186.39, 184.21, 181.41, 180.94, 182.0, 182.3, 182.29, 182.89, 182.08, 181.93, 182.32, 182.61, 182.94, 183.05, 183.1, 183.03, 183.1, 183.45, 183.31, 182.8, 181.34, 179.4, 178.27, 177.34, 176.5, 176.56, 176.57, 176.85, 177.24, 178.66, 179.05, 179.05, 179.05, 179.06, 180.35, 180.63, 180.48, 181.49, 182.82, 184.44, 185.28, 186.4, 187.45, 187.99, 188.35, 188.06, 188.03, 188.59, 188.8, 190.49, 193.46, 195.24, 195.7, 196.18, 199.1, 198.14, 197.82, 197.26, 195.55, 183.91, 177.56, 178.45, 176.24, 176.21, 177.16, 177.6, 178.09, 178.25, 177.93, 177.91, 179.11, 180.95, 183.51, 184.51, 186.49, 187.93, 187.51, 183.34, 178.61, 175.74, 167.68, 163.39, 159.11, 153.03, 146.23, 137.96, 133.05, 127.85, 122.07, 118.24, 115.95, 115.07, 113.13, 113.17, 119.53, 111.96, 109.41, 106.81, 105.88, 105.63, 106.05, 106.55, 106.26, 105.68, 105.85, 106.05, 105.72, 109.55, 108.29, 107.53, 107.62, 108.07, 109.66, 116.79, 123.32, 131.31, 140.85, 151.76, 159.84, 168.02, 182.44, 190.88, 198.11, 200.98, 203.7, 205.63, 206.2, 206.57, 207.46, 206.13, 205.69, 206.36, 206.56, 207.66, 207.68, 207.46, 207.57, 207.62, 207.67, 208.35, 211.54, 214.64, 216.78, 219.05, 219.93, 220.97, 221.83, 222.62, 222.53, 222.33, 222.07, 221.94, 221.8, 221.83, 223.17, 224.98, 225.65, 226.49, 226.62, 227.13, 227.41, 228.06, 228.75, 229.03, 229.1, 229.46, 230.75, 230.68, 230.32, 230.25, 230.27, 230.18, 229.69, 228.46, 228.56, 228.57, 228.76, 228.55, 228.21, 228.2, 230.47, 236.38, 237.25, 240.88, 242.94, 255.45, 264.42, 274.25, 281.57, 279.42, 276.28, 276.03, 276.23, 277.08, 277.5, 276.86, 276.16, 275.85, 275.26, 274.66, 273.72, 272.52, 271.97, 271.89], "Hand_Distance": [12.700393694685204, 1.727425830535136, 1.3154847015454065, 0.1910497317454238, 0.6120457499239604, 0.10630145812733002, 1.0217631819555943, 0.39204591567826996, 0.717007670809717, 0.7800000000000011, 0.20396078054370426, 0.15297058540778377, 0.12999999999999545, 0.5999999999999943, 4.660321877295607, 4.799302032587657, 10.100425733601519, 0.43278170016768, 4.899112164464091, 3.159272068056153, 1.8574444810007213, 11.316969559029497, 13.045221347298021, 5.4553460018590965, 3.754064464017653, 6.458893094021606, 2.950423698386386, 3.406493798614647, 2.814693589007519, 2.420433845408712, 1.1641735265844066, 1.8488915598271316, 1.3900000000000148, 0.9121403400793221, 0.520384473250305, 0.5805170109479848, 0.941328847959095, 0.9656603957914024, 1.3606616037795696, 0.4949747468305913, 0.4440720662234884, 0.3101612483854184, 0.30000000000001137, 0.11401754250990606, 0.5300943312279438, 1.661083983427686, 0.9442986815621375, 0.7000714249274742, 0.5220153254455188, 2.380693176366952, 5.8772867889869085, 10.899454114771041, 8.513125160597617, 7.096379358517975, 7.194338051551372, 9.12351357756429, 7.515271119527227, 10.23223338279576, 7.345774295470831, 7.433774276906736, 5.803386942122665, 3.497942252239174, 2.2713872413131044, 3.0580549373744264, 2.2033610689126513, 2.8193793643282654, 0.6171709649683633, 1.2647924730958837, 1.0153324578678673, 0.450111097397065, 0.6209669878503945, 1.0837435120912864, 0.9321480569094187, 0.6989277502002531, 0.3067572330035815, 0.4327817001676366, 1.0159724405710937, 0.7516648189186442, 0.8927485648266258, 1.4716657229140175, 2.7225906780123843, 0.6161168720299798, 0.7427651041883848, 1.464923206178406, 1.9492819190666062, 1.4892279879185684, 1.4101418368377052, 0.8793179174792249, 0.3157530680769276, 0.08062257748298268, 0.29732137494637884, 2.2638462845343468, 2.3242202993692267, 0.8453401682163291, 1.5600000000000023, 0.6500000000000057, 0.5100980297942789, 1.3221951444472906, 0.6082762530298155, 0.3443835071544558, 3.7389971917614484, 3.4469261668912945, 10.446377362511855, 6.108035690792906, 1.3368993978606007, 2.428703357761082, 1.0581587782558985, 1.0722406446316048, 2.4174573419194023, 3.290136775272426, 0.7990619500389158, 3.097127701597082, 4.9006224094496345, 9.391964650700084, 3.7494532934816083, 1.7514850841500118, 2.1931712199461213, 6.235904104458309, 4.562148616605991, 9.105624635355879, 3.209236669365499, 12.864159513936382, 14.622315138171528, 9.458467106249289, 3.9417889339740153, 7.17864889794728, 3.360133925902373, 2.0707728026029293, 4.411995013596472, 1.195073219514192, 0.5059644256269569, 2.6990368652539805, 3.7200537630523556, 2.9820965779129263, 5.103253863957761, 11.42061732131849, 11.30431775915733, 6.61335769484761, 6.131492477366345, 0.8947066558375437, 4.317788785941238, 5.120009765615681, 3.458583525086542, 9.718461812447488, 6.756663377733137, 6.460959681038089, 6.139128602660164, 6.961328896123224, 8.510757898095777, 6.922607890094594, 5.958867342037424, 6.989513573919151, 3.8540627913929986, 3.3028018408617767, 2.593838853899757, 6.134818660726649, 14.940053547427464, 12.456070809047295, 8.378126282170742, 3.998612259271945, 3.380177510131673, 1.201041214946431, 2.631900454044572, 1.9458674158328524, 0.7887331614684283, 0.3962322551231608, 0.6723094525588503, 0.2780287754891708, 0.7280109889280416, 2.908779812911235, 5.075214281190506, 2.69295376863398, 6.077705159021785, 6.170656367032619, 6.615323121359977, 4.64087276274625, 9.128356916773138, 7.039730108462952, 8.081101410080198, 9.953753061031797, 11.637465359776582, 8.551397546600219, 8.565278746193849, 14.48780176562337, 8.664594624101, 7.5288046860043, 3.0138513566531224, 2.7603079538341353, 2.142381852051599, 0.7262231062146175, 0.6140032573203487, 0.9600520819205727, 1.4632156368765448, 1.1292475370794532, 1.624592256537003, 0.22825424421026316, 1.446927779814868, 0.9802040603874177, 1.2889142717807067, 0.9563472172804196, 0.5821511831131005, 0.8115417426109405, 0.9831073186585585, 3.268057527033448, 3.2794664200140775, 2.3454637068179247, 2.85408479201303, 2.194196891803458, 1.6962311163281945, 0.9402127418834633, 0.7990619500389119, 0.7256031973468688, 0.7472616676907721, 0.709365914038745, 0.4301162633521267, 1.2578155667664461, 3.930114502148753, 1.3445073447177345, 1.9132433196015644, 1.8365728953679048, 1.376117727521891, 2.2038375620721116, 1.2854960132182467, 1.2127654348636356, 0.6964194138592112, 0.8580209787645067, 0.8759566199304473, 2.9108418026406, 1.8748866632412804, 1.889047378971731, 2.620934947685658, 4.634004747515917, 3.6406730147048365, 4.6800427348476275, 2.761467001432382, 1.0072239075796532, 2.8311481769769724, 1.5532224567009176, 1.7400287353948878, 1.1754573577973773, 0.6926037828369023, 5.869855194125334, 2.3700210969525193, 7.81685998339486, 6.272009247442157, 17.421736423215705, 4.453459329554951, 5.491056364671559, 13.170971869987415, 9.10293359307869, 11.627252469951781, 7.342159082994585, 2.319353358158241, 3.2106852851066323, 1.2551493934986284, 1.6918628786045402, 1.195031380341097, 0.44944410108490845, 0.9708243919473633, 1.1480853626799612, 0.4601086828130977, 0.7669419795525726, 0.9526804291051498, 0.9570788891204256, 1.2257650672131708, 0.7920858539324775, 0.704556598152363], "Initial_Frame_Count": 268, "Post_KFS_Frame_Count": 203, "Percentage_Reduction": 24.25, "Hand_Height_Threshold_Value": 208.82, "Hand_Distance_Threshold_Value": 1.74}