{"Filename": "sample3.mp4", "Hand_Height": [311.15, 307.36, 304.47, 303.79, 301.65, 296.53, 287.67, 283.9, 286.12, 320.71, 287.16, 276.78, 273.35, 272.06, 269.89, 268.15, 269.21, 268.67, 267.97, 265.96, 264.88, 256.53, 249.98, 246.79, 244.88, 243.29, 242.25, 237.62, 235.49, 233.52, 230.62, 227.81, 224.58, 219.53, 216.09, 210.3, 205.0, 199.61, 195.43, 192.24, 190.58, 190.11, 189.47, 189.2, 189.32, 189.65, 190.12, 190.55, 192.82, 191.05, 189.66, 187.46, 187.72, 187.49, 185.26, 182.1, 181.85, 181.93, 182.21, 182.41, 182.51, 182.69, 182.8, 182.2, 182.17, 182.24, 182.29, 182.33, 182.35, 181.73, 181.96, 181.98, 182.85, 184.81, 187.64, 191.3, 195.37, 194.81, 195.97, 196.79, 196.27, 196.45, 198.14, 198.52, 199.93, 200.9, 202.0, 203.33, 203.28, 203.18, 203.37, 203.33, 203.5, 203.56, 202.99, 202.47, 201.66, 201.89, 202.06, 202.18, 202.18, 202.14, 201.99, 201.93, 201.57, 201.51, 201.56, 200.97, 201.53, 201.45, 202.46, 203.66, 203.39, 203.06, 202.94, 200.06, 196.19, 192.44, 185.81, 176.03, 170.11, 163.58, 157.85, 154.28, 147.49, 144.17, 139.63, 134.94, 135.6, 136.59, 136.16, 136.8, 137.69, 138.0, 137.17, 140.28, 141.47, 134.82, 130.59, 128.53, 127.33, 126.95, 127.39, 128.55, 129.62, 135.38, 137.65, 137.47, 137.45, 140.44, 149.34, 163.83, 178.5, 178.19, 176.55, 184.55, 193.96, 201.24, 208.74, 212.97, 214.91, 215.97, 215.97, 215.06, 214.08, 213.32, 213.18, 213.69, 214.72, 215.37, 216.29, 216.92, 217.11, 217.17, 217.11, 216.97, 216.97, 216.91, 216.86, 216.84, 216.81, 216.79, 216.78, 216.77, 216.78, 216.77, 216.73, 216.71, 216.7, 216.76, 217.13, 217.31, 217.9, 218.07, 218.73, 218.94, 219.04, 219.2, 219.61, 220.78, 221.91, 223.12, 224.01, 241.24, 240.09, 242.43, 243.47, 239.34, 233.99, 231.72, 230.47, 229.49, 229.0, 228.82, 228.63, 228.61, 229.02, 229.05, 228.34, 228.18, 228.38, 229.78, 231.27, 242.5, 256.93, 283.76, 281.0, 313.68, 324.99, 324.31, 309.11, 303.08, 301.31, 307.24, 320.86, 321.21, 317.09, 315.73, 311.97, 310.3, 306.02, 304.52, 304.43, 304.52, 304.55, 306.63, 307.38, 308.08, 309.02, 309.08, 307.25], "Hand_Distance": [7.960157033626895, 8.506003762049481, 1.9148106956041322, 5.3377617031860884, 18.95460102455338, 9.091820499767865, 28.48062148198316, 5.727722060295885, 41.28037063787095, 33.71982947762336, 13.002049838390908, 4.069520856317073, 4.951009997970118, 2.3162469643801096, 1.789972066821165, 1.1515641536623222, 2.2264770378335386, 0.8215229759416214, 2.3512762491889783, 32.348033943348085, 11.563844516422744, 7.191898219524507, 4.3996590777013616, 11.450423572951358, 1.8890473789717481, 1.063014581273457, 4.651816849361114, 2.1998636321372236, 2.0044450603595996, 3.027688887584066, 4.016590594023747, 3.262590994899597, 5.675438309064784, 4.9793172222705335, 6.054502456849765, 5.6370559692094755, 5.625317768802026, 4.265548030441112, 3.217530108639232, 1.6624379687675528, 0.6044005294504593, 0.6946221994725078, 0.3482814953453672, 2.6227466518899516, 1.526106156202756, 1.7445056606385725, 1.7051099671282275, 5.756474615595888, 1.9592090240706685, 2.4520399670478508, 2.2081893034792013, 0.8888756943465346, 0.2983286778035166, 2.2364704335179755, 3.1877892025665675, 2.98050331320064, 3.1410189429546596, 1.4277254638059715, 0.9317188417113766, 1.7728226081591003, 0.3080584360149912, 0.35735136770412024, 0.8005623023850351, 0.311448230047937, 0.17464249196574835, 0.8614522621712694, 0.6013318551349263, 2.9800671133382113, 0.9128526715741199, 0.6332456079595123, 1.1901680553602478, 0.96176920308357, 3.8038401648860147, 2.8868321738542235, 6.084011834308032, 6.17207420564594, 4.445413366606076, 4.5406717564695205, 1.3243866504914539, 1.6728717822953414, 0.332866339541854, 1.948589233265952, 0.5738466694161531, 3.9876057979694925, 3.9897117690379633, 1.9581624038878906, 3.0637395450658107, 3.9803140579607574, 13.040383429945601, 9.091985481730603, 1.110720486891264, 3.1046577911260944, 4.780376554205747, 5.917516370911012, 1.3630847369110946, 2.0103979705521033, 0.7653757247260853, 1.70847885559057, 3.6519720699917513, 2.430000000000007, 0.3423448553724796, 1.3483693855913528, 1.0017983829094557, 3.061241578183591, 3.720483839502598, 0.522398315464342, 1.178346298844285, 3.179701243827787, 0.9633275663033926, 3.203388830598022, 5.307438176747784, 7.484871408381032, 6.308636936771693, 2.7626074639731124, 15.077612543105102, 4.235008854772329, 5.6155943585697194, 7.0510212026344075, 11.264834663677926, 7.945841679771877, 6.916595983574581, 5.7763137033925185, 5.324227643517892, 8.195864810988521, 6.203224967708325, 4.68094007652308, 4.74647237430073, 1.5297058540778299, 2.9133657511545077, 1.918801709400954, 4.149650587700123, 5.108130773580488, 2.7078035379251557, 0.8895504482602526, 3.414703501037839, 1.3857128129594551, 6.757403347440498, 4.268231483881812, 2.080312476528467, 1.225765067213129, 0.39293765408776415, 0.6438167441127924, 1.3813399291991906, 1.2571793825862645, 8.04748407889074, 12.891431262664359, 6.002699392773222, 1.8601075237738411, 3.1496348994764527, 9.258104557629498, 15.072577749011625, 15.065649670691254, 2.4596137908216384, 3.445359197529332, 8.037935058209912, 9.594008547004735, 7.908634521837511, 7.961086609251278, 5.050792017099878, 2.579457307264466, 1.1044002897500553, 0.3300000000000125, 1.0581587782558912, 2.0670752284326652, 1.3043005788544426, 1.1287160847617999, 2.3070760715676437, 2.474550464225776, 1.7269916039170512, 0.9676776322722273, 0.6894200461257236, 0.22472205054245925, 0.31575306807693615, 0.6029925372672593, 0.7924645102463478, 1.3500000000000085, 0.7723341245859814, 0.6718630812896335, 0.8302409288875113, 4.75009473589738, 1.0901834707974654, 0.8100617260431475, 0.5300943312279438, 0.6800735254367789, 0.03162277660165503, 0.07211102550929303, 0.06324555320335051, 0.2601922366251596, 0.8022468448052605, 1.1416216536138406, 1.1442464769445542, 1.979949494305335, 1.4698639392814625, 1.7585505395068919, 1.1100450441310978, 1.8027756377319915, 0.36674241641785477, 1.0346980235798264, 2.706011825546954, 1.7991386828146423, 1.2541929676090626, 0.9884331034521161, 17.249501442070745, 1.1521284650593493, 2.4572545655670304, 1.0572133181151204, 4.138175926661403, 5.363478348982117, 2.2771253808255816, 1.2628935030318282, 1.006628034578802, 0.5547071299343503, 0.3413209633175171, 0.47927027865286737, 0.16124515496599356, 1.2397580409095967, 1.0204410811016789, 1.368575902169861, 2.0961154548354473, 3.9250987248730316, 5.230831673835427, 7.010178314422562, 20.116386355406867, 14.60590633956004, 27.141460903938075, 10.837342847764841, 32.795501215868015, 13.750218180087186, 3.281234523773022, 18.45133057532706, 15.999790623630066, 6.2844092801153515, 21.523034172718322, 17.614576350284437, 2.2572992712531623, 4.834800926615288, 1.6363679292872604, 3.929020234104167, 3.6272992708074208, 5.203844732503104, 2.1569654610122866, 2.521606630701923, 2.071955597979833, 3.4301311928263107, 2.376741466798597, 1.0259142264341519, 0.9829038610159088, 1.1601724009818561, 0.2961418578992096, 1.8560711193270434], "Initial_Frame_Count": 251, "Post_KFS_Frame_Count": 174, "Percentage_Reduction": 30.68, "Hand_Height_Threshold_Value": 216.36, "Hand_Distance_Threshold_Value": 4.13}